<ImportExportXml version="9.2.25113.135" SolutionPackageVersion="9.2" languagecode="1033" generatedBy="CrmLive" xmlns:xsi="http://www.w3.org/2001/XMLSchema-instance" OrganizationVersion="9.2.25113.135" OrganizationSchemaType="Standard" CRMServerServiceabilityVersion="9.2.25122.00138">
  <SolutionManifest>
    <UniqueName>EnterpriseDataPublisher</UniqueName>
    <LocalizedNames>
      <LocalizedName description="Enterprise Data Publisher" languagecode="1033" />
    </LocalizedNames>
    <Descriptions />
    <Version>1.0.0.1</Version>
    <Managed>0</Managed>
    <Publisher>
      <UniqueName>Admin</UniqueName>
      <LocalizedNames>
        <LocalizedName description="Admin" languagecode="1033" />
      </LocalizedNames>
      <Descriptions />
      <EMailAddress xsi:nil="true"></EMailAddress>
      <SupportingWebsiteUrl xsi:nil="true"></SupportingWebsiteUrl>
      <CustomizationPrefix>admin</CustomizationPrefix>
      <CustomizationOptionValuePrefix>40991</CustomizationOptionValuePrefix>
      <Addresses>
        <Address>
          <AddressNumber>1</AddressNumber>
          <AddressTypeCode>1</AddressTypeCode>
          <City xsi:nil="true"></City>
          <County xsi:nil="true"></County>
          <Country xsi:nil="true"></Country>
          <Fax xsi:nil="true"></Fax>
          <FreightTermsCode xsi:nil="true"></FreightTermsCode>
          <ImportSequenceNumber xsi:nil="true"></ImportSequenceNumber>
          <Latitude xsi:nil="true"></Latitude>
          <Line1 xsi:nil="true"></Line1>
          <Line2 xsi:nil="true"></Line2>
          <Line3 xsi:nil="true"></Line3>
          <Longitude xsi:nil="true"></Longitude>
          <Name xsi:nil="true"></Name>
          <PostalCode xsi:nil="true"></PostalCode>
          <PostOfficeBox xsi:nil="true"></PostOfficeBox>
          <PrimaryContactName xsi:nil="true"></PrimaryContactName>
          <ShippingMethodCode>1</ShippingMethodCode>
          <StateOrProvince xsi:nil="true"></StateOrProvince>
          <Telephone1 xsi:nil="true"></Telephone1>
          <Telephone2 xsi:nil="true"></Telephone2>
          <Telephone3 xsi:nil="true"></Telephone3>
          <TimeZoneRuleVersionNumber xsi:nil="true"></TimeZoneRuleVersionNumber>
          <UPSZone xsi:nil="true"></UPSZone>
          <UTCOffset xsi:nil="true"></UTCOffset>
          <UTCConversionTimeZoneCode xsi:nil="true"></UTCConversionTimeZoneCode>
        </Address>
        <Address>
          <AddressNumber>2</AddressNumber>
          <AddressTypeCode>1</AddressTypeCode>
          <City xsi:nil="true"></City>
          <County xsi:nil="true"></County>
          <Country xsi:nil="true"></Country>
          <Fax xsi:nil="true"></Fax>
          <FreightTermsCode xsi:nil="true"></FreightTermsCode>
          <ImportSequenceNumber xsi:nil="true"></ImportSequenceNumber>
          <Latitude xsi:nil="true"></Latitude>
          <Line1 xsi:nil="true"></Line1>
          <Line2 xsi:nil="true"></Line2>
          <Line3 xsi:nil="true"></Line3>
          <Longitude xsi:nil="true"></Longitude>
          <Name xsi:nil="true"></Name>
          <PostalCode xsi:nil="true"></PostalCode>
          <PostOfficeBox xsi:nil="true"></PostOfficeBox>
          <PrimaryContactName xsi:nil="true"></PrimaryContactName>
          <ShippingMethodCode>1</ShippingMethodCode>
          <StateOrProvince xsi:nil="true"></StateOrProvince>
          <Telephone1 xsi:nil="true"></Telephone1>
          <Telephone2 xsi:nil="true"></Telephone2>
          <Telephone3 xsi:nil="true"></Telephone3>
          <TimeZoneRuleVersionNumber xsi:nil="true"></TimeZoneRuleVersionNumber>
          <UPSZone xsi:nil="true"></UPSZone>
          <UTCOffset xsi:nil="true"></UTCOffset>
          <UTCConversionTimeZoneCode xsi:nil="true"></UTCConversionTimeZoneCode>
        </Address>
      </Addresses>
    </Publisher>
    <RootComponents>
      <RootComponent type="29" id="{2582c3b2-3351-f011-877b-000d3ab00c3b}" behavior="0" />
      <RootComponent type="300" schemaName="admin_enterprisepublisher_73d61" behavior="0" />
    </RootComponents>
    <MissingDependencies>
      <MissingDependency>
        <Required type="1" schemaName="mspcat_applications" displayName="Catalog Item" solution="mspcat_CatalogManager (1.1.35.500)">
          <package appName="Catalog in Power Platform Manager" version="1.1.35.500">mspcat_CatalogManager (1.1.35.500)</package>
        </Required>
        <Dependent type="300" schemaName="admin_enterprisepublisher_73d61" displayName="Enterprise Publisher" />
      </MissingDependency>
      <MissingDependency>
        <Required type="1" schemaName="mspcat_installhistory" displayName="Install History" solution="mspcat_CatalogManager (1.1.35.500)">
          <package appName="Catalog in Power Platform Manager" version="1.1.35.500">mspcat_CatalogManager (1.1.35.500)</package>
        </Required>
        <Dependent type="300" schemaName="admin_enterprisepublisher_73d61" displayName="Enterprise Publisher" />
      </MissingDependency>
      <MissingDependency>
        <Required type="1" schemaName="mspcat_packages" displayName="Package" solution="mspcat_CatalogManager (1.1.35.500)">
          <package appName="Catalog in Power Platform Manager" version="1.1.35.500">mspcat_CatalogManager (1.1.35.500)</package>
        </Required>
        <Dependent type="300" schemaName="admin_enterprisepublisher_73d61" displayName="Enterprise Publisher" />
      </MissingDependency>
    </MissingDependencies>
  </SolutionManifest>
</ImportExportXml>